h,eL2,eH1
0.275,0.11643,1.08121
0.15,0.0431831,0.5698
0.085,0.025689,0.322649
0.045,0.0206113,0.177874
