h,eL2,eH1
0.275,0.0105849,0.228277
0.15,0.00245919,0.0592718
0.085,0.00195369,0.0195417
0.045,0.00192698,0.00962257
