h,eL2,eH1
0.275,0.104186,1.10305
0.15,0.0288064,0.57301
0.085,0.00975186,0.315491
0.045,0.00371485,0.158417
