h,eL2,eH1
0.275,0.0236422,0.233111
0.15,0.0192817,0.101825
0.085,0.0190732,0.0862614
0.045,0.0190561,0.0846253
