h,eL2,eH1
0.275,0.00999952,0.22987
0.15,0.00132926,0.0593199
0.085,0.000296649,0.0177869
0.045,0.000195624,0.00452945
