h,eL2,eH1
0.275,0.00995601,0.230054
0.15,0.0012923,0.0593966
0.085,0.000213409,0.0178045
0.045,3.33452e-05,0.00446178
