h,eL2,eH1
0.275,0.103037,1.10596
0.15,0.0275379,0.57418
0.085,0.00841287,0.315969
0.045,0.00222096,0.158431
